# source: collecte collaborative, https://twitter.com/clouc85/status/1247451810622844928

Date,Heure / Time,V√©los depuis la mise en service / Grand total,V√©los ce jour / Today's total,"Si vous souhaitez, vous pouvez transmettre une image ou une vid√©o ici","Une remarque, un commentaire ? L'espace ci-dessous vous est ouvert ! / Open comments below"
,,,,,
12/03/2020,11:05:00,109,109,,
12/03/2020,14:30:00,441,441,,
13/03/2020,10:02:00,1‚ÄØ921,385,,
13/03/2020,14:15:00,2‚ÄØ305,769,,
13/03/2020,18:21:00,2‚ÄØ822,1‚ÄØ286,,
13/03/2020,18:25:00,2‚ÄØ834,1‚ÄØ298,,
14/03/2020,16:26:43,3‚ÄØ951,742,,
15/03/2020,09:05:50,4‚ÄØ492,50,,
15/03/2020,09:53:00,4‚ÄØ512,70,,
15/03/2020,11:25:00,4‚ÄØ567,125,,
15/03/2020,14:25:00,4‚ÄØ710,268,,
15/03/2020,15:37:00,4‚ÄØ825,383,,
15/03/2020,20:30:00,5‚ÄØ008,566,,
16/03/2020,06:57:00,5‚ÄØ097,14,,
16/03/2020,08:12:00,5‚ÄØ157,74,,
16/03/2020,08:24:00,5‚ÄØ176,93,,
16/03/2020,11:19:00,5‚ÄØ348,265,,
16/03/2020,17:42:00,5‚ÄØ748,665,,
16/03/2020,18:12:00,5‚ÄØ788,705,,
16/03/2020,18:53:00,5‚ÄØ836,753,,
16/03/2020,21:14:00,5‚ÄØ958,875,,
16/03/2020,22:15:00,6‚ÄØ010,927,,
17/03/2020,08:00:00,6‚ÄØ069,40,,
17/03/2020,08:39:00,6‚ÄØ109,80,,
17/03/2020,08:51:00,6‚ÄØ129,100,,
17/03/2020,10:50:00,6‚ÄØ216,187,,
17/03/2020,11:02:00,6‚ÄØ229,200,,
17/03/2020,11:18:00,6‚ÄØ249,220,,
17/03/2020,11:41:00,6‚ÄØ286,257,,
17/03/2020,12:10:00,6‚ÄØ319,290,,
17/03/2020,15:28:00,6‚ÄØ401,372,,
17/03/2020,19:22:00,6‚ÄØ539,510,,
18/03/2020,08:01:00,6‚ÄØ614,26,,
18/03/2020,12:12:00,6‚ÄØ729,141,,
18/03/2020,19:30:00,7‚ÄØ052,464,,
18/03/2020,19:52:00,7‚ÄØ064,476,,
18/03/2020,20:07:00,7‚ÄØ078,490,,
18/03/2020,22:00:00,7‚ÄØ188,600,,
19/03/2020,07:33:00,7‚ÄØ208,12,,
19/03/2020,13:32:00,7‚ÄØ380,184,,
19/03/2020,19:05:00,7‚ÄØ592,396,,
19/03/2020,19:16:00,7‚ÄØ601,405,,
19/03/2020,19:34:00,7‚ÄØ612,416,,
20/03/2020,08:03:00,7‚ÄØ689,23,,
20/03/2020,15:18:00,7‚ÄØ851,185,,
20/03/2020,18:41:00,7‚ÄØ953,287,,
20/03/2020,19:04:00,7‚ÄØ966,300,,
21/03/2020,12:00:00,8‚ÄØ106,78,,
21/03/2020,20:04:00,8‚ÄØ258,230,,
22/03/2020,10:18:00,8‚ÄØ317,21,,
22/03/2020,15:34:00,8‚ÄØ380,84,,
22/03/2020,18:46:00,8‚ÄØ432,136,,
23/03/2020,08:14:00,8‚ÄØ517,45,,
23/03/2020,14:55:00,8‚ÄØ648,176,,
23/03/2020,15:49:00,8‚ÄØ664,192,,
23/03/2020,17:36:00,8‚ÄØ705,233,,
23/03/2020,19:42:00,8‚ÄØ778,306,,
24/03/2020,07:47:00,8‚ÄØ826,20,,
24/03/2020,09:11:00,8‚ÄØ864,58,,
24/03/2020,17:07:00,8‚ÄØ989,183,,
24/03/2020,18:15:00,9‚ÄØ018,212,,
24/03/2020,19:05:00,9‚ÄØ047,241,,
25/03/2020,08:27:00,9‚ÄØ136,38,,
25/03/2020,16:41:00,9‚ÄØ298,200,,
25/03/2020,18:17:00,9‚ÄØ344,246,,
25/03/2020,18:34:00,9‚ÄØ356,258,,
25/03/2020,18:52:00,9‚ÄØ362,264,,
25/03/2020,19:33:00,9‚ÄØ385,287,,
26/03/2020,07:59:00,9‚ÄØ432,16,,
26/03/2020,16:39:00,9‚ÄØ592,176,,
26/03/2020,19:08:00,9‚ÄØ687,271,,
26/03/2020,19:22:00,9‚ÄØ694,278,,
26/03/2020,20:01:00,9‚ÄØ713,297,,
26/03/2020,20:12:00,9‚ÄØ720,304,,
27/03/2020,08:43:00,9‚ÄØ795,44,,
27/03/2020,16:46:00,9‚ÄØ963,212,,
27/03/2020,17:06:00,9‚ÄØ977,226,,
27/03/2020,17:31:00,9‚ÄØ990,239,,
27/03/2020,17:35:00,9‚ÄØ992,241,,
27/03/2020,17:41:00,9‚ÄØ999,248,,
27/03/2020,17:57:00,10‚ÄØ008,257,,
27/03/2020,18:12:00,10‚ÄØ016,265,,
27/03/2020,19:36:00,10‚ÄØ075,324,,
28/03/2020,08:42:00,10‚ÄØ122,13,,
28/03/2020,13:43:00,10‚ÄØ218,109,,
28/03/2020,16:52:00,10‚ÄØ274,165,,
28/03/2020,19:12:00,10‚ÄØ325,216,,
28/03/2020,19:16:00,10‚ÄØ327,218,,
28/03/2020,19:50:00,10‚ÄØ340,231,,
29/03/2020,15:41:00,10‚ÄØ441,73,,
29/03/2020,20:12:00,10‚ÄØ515,147,,
30/03/2020,08:25:00,10‚ÄØ567,33,,
30/03/2020,13:47:00,10‚ÄØ665,131,,
30/03/2020,15:47:00,10‚ÄØ715,181,,
30/03/2020,18:18:00,10‚ÄØ797,263,,
31/03/2020,08:41:00,10‚ÄØ938,47,,
31/03/2020,10:34:00,10‚ÄØ970,79,,
31/03/2020,19:07:00,11‚ÄØ162,271,,
31/03/2020,19:24:00,11‚ÄØ173,282,,
01/04/2020,18:10:00,11‚ÄØ462,237,,
01/04/2020,19:04:00,11‚ÄØ494,269,,
02/04/2020,08:40:00,11599,44,https://drive.google.com/open?id=1cxDL-aK10Ql7n0b9fbpgJJp2-U5G8Uss,C'est top !
02/04/2020,12:34:00,11675,120,,merci v√©locit√© !!!
02/04/2020,13:58:00,11700,145,,
02/04/2020,18:57:00,11855,300,,I love Totem & Slacky 
02/04/2020,19:14:00,11868,313,,Totem je t'aime
02/04/2020,14:50:00,11718,163,,
02/04/2020,16:00:00,11767,212,,
03/04/2020,09:44:00,12009,80,,totem je t'adore
03/04/2020,17:27:00,12178,249,,
03/04/2020,19:53:00,12292,363,,"totem je t'aime aussi le jeudi, quelque soit la lumi√®re du jour. Ah on est vendredi? osef"
04/04/2020,14:26:00,12452,126,,
04/04/2020,19:37:00,12599,273,,totem dans mon coeur forever
04/04/2020,11:55:00,12404,78,,totem je t'aime aussi √† midi
04/04/2020,18:51:00,12567,241,,
05/04/2020,12:59:00,12698,65,,Photo & formulaire #TotemLand
05/04/2020,17:29:00,12748,115,,"totem je t'aime, mais j'aime aussi slacky"
05/04/2020,10:53:00,12663,30,,j'aime aussi les asperges
05/04/2020,22:06:00,12836,203,,"Tu ne me d√©nonceras pas pour non respect du couvre feu, dis ? steupl√© ?"
06/04/2020,06:28:00,12845,7,,
06/04/2020,11:27:00,12932,94,,
06/04/2020,17:58:00,13111,273,,Incertitude chiffre total
06/04/2020,19:10:00,13152,314,,Ap√©ro-Totem 
06/04/2020,08:11:00,12866,28,,
07/04/2020,08:15:00,13256,30,,
06/04/2020,08:11:00,12866,28,,vive le totem. Contribution DF pour AC a permis de corriger un bug si deux personnes contribuent avec une donn√©e √† la m√™me date et m√™me heure !
07/04/2020,12:46:00,13368,142,,"J'adore aller au totem, car on y croise des copains ! :)"
07/04/2020,18:19:00,13521,295,,
08/04/2020,08:18:00,13644,35,,comm. DF : totem mis √† l'heure l√©gale le 8/04/2020
08/04/2020,13:54:00,13780,171,,
08/04/2020,12:29:00,13743,134,,
08/04/2020,17:31:00,13858,249,,
08/04/2020,20:49:00,13990,381,,
08/04/2020,18:26:00,13897,288,,
09/04/2020,11:33:00,14098,98,,
09/04/2020,08:23:00,14038,38,,Rattrapage !!
09/04/2020,19:20:00,14345,345,,
07/04/2020,13:23:00,13379,153,,Dans un rayon de 1km autour du... totem
07/04/2020,11:57:00,13346,120,,p√©lerinage FL rempli par DF
09/04/2020,18:58:00,14327,327,,Saisie DF pour NLM :-)
09/04/2020,17:55:00,14275,275,,Saisie DF pour AC :-)
10/04/2020,18:07:00,14714,308,,saisie DF pour AC :-) 
11/04/2020,11:28:00,14886,60,,saisie DF pour PC :-)
11/04/2020,16:30:00,14984,158,,
11/04/2020,18:27:00,15047,221,,
11/04/2020,09:50:00,14854,28,,salut toi
11/04/2020,20:28:00,15101,275,,√ßa roule?
12/04/2020,12:42:00,15200,81,,
12/04/2020,12:28:00,15196,77,,
12/04/2020,10:11:00,15152,33,,et si on mangeait des chips?
12/04/2020,18:10:00,15286,167,,"pourquoi tu dis rien, tu fais la tronche ou quoi?"
13/04/2020,12:28:00,15425,67,,
13/04/2020,18:16:00,15497,139,,noel au tison pacques au torchon (?)
14/04/2020,07:39:00,15555,11,,
14/04/2020,10:27:00,15626,82,,
14/04/2020,11:16:00,15642,98,,stradzvouiti√© 
14/04/2020,19:58:00,15920,376,,
14/04/2020,19:53:00,15917,373,,ili priviet
15/04/2020,18:42:00,16271,313,,"saisie DF pour PC, notre sauveur du jour !"
15/04/2020,13:24:00,16117,159,,ola que tal
15/04/2020,19:25:00,16302,344,,
15/04/2020,20:07:00,16333,375,,
16/04/2020,08:26:00,16404,44,,
16/04/2020,14:21:00,16562,202,,kak diela
16/04/2020,20:57:00,16776,416,,otchien chorocho?
16/04/2020,11:32:00,16492,132,,Saisie DF pour PC :-) 
17/04/2020,09:41:00,16869,83,,
17/04/2020,09:35:00,16867,81,,saisie DF pour PC
17/04/2020,14:49:00,17002,216,,saisie DF pour PC
17/04/2020,19:04:00,17143,357,,saisie DF pour SL
17/04/2020,20:36:00,17205,419,,todo bem?
18/04/2020,12:50:00,17342,111,,
18/04/2020,09:17:00,17254,23,,
18/04/2020,11:22:00,17298,67,,j'ai peut √™tre fait une erreur sur le point de ce matin : j'ai un doute si j ai mis le 17 ou le 18/04 (pour 9h22). Mienia zavout marie
18/04/2020,20:52:00,17555,324,,
18/04/2020,21:22:00,17563,332,,
19/04/2020,10:45:00,17593,24,,Longue vie au totem ! 
19/04/2020,11:10:00,17596,27,,qu ce dimanche crachineux degueu vous porte espoir
19/04/2020,20:13:00,17711,142,,
20/04/2020,12:24:00,17796,73,,
20/04/2020,16:21:00,17850,127,,"depuis le confinement, j'aime la pluie"
20/04/2020,18:27:00,17887,164,,dommage qu'il n'ait pas neig√©
20/04/2020,16:41:00,17852,129,,
20/04/2020,19:28:00,17902,179,,saisie DF pour NLM :-)
21/04/2020,07:29:00,17938,6,,saisie YH pour PC
20/04/2020,14:41:00,17833,110,,
21/04/2020,12:43:00,17997,65,,
21/04/2020,20:30:00,18108,176,,
21/04/2020,18:30:00,18058,126,,saisie DF pour NLM (mais qui peut donc bien se cacher derri√®res ces lettres... O.D.I.L... LIDO ? Une danseuse ?)
22/04/2020,14:20:00,18229,113,,
22/04/2020,14:20:00,18229,113,,saisie YH pour SL
22/04/2020,15:19:00,18255,139,,
22/04/2020,18:29:00,18349,233,,
22/04/2020,13:48:00,18214,98,,
22/04/2020,20:56:00,18405,289,,
22/04/2020,21:24:00,18408,292,,
23/04/2020,08:30:00,18450,36,,g√©nial ! Cl√©mence t√©l√©travaille !
23/04/2020,11:41:00,18515,101,,
23/04/2020,11:42:00,18516,102,,test YH
23/04/2020,08:30:00,18450,36,,
23/04/2020,19:47:00,18840,426,,YH pour NLM (coucou Cl√©mence !)
23/04/2020,19:47:00,18839,425,,saisie YH pour CL (coucou Nico !)
23/04/2020,11:41:00,18515,101,,
24/04/2020,12:58:00,19091,171,,
24/04/2020,14:04:00,19126,206,,photo miraculay ; j'adore ce que vous faites
24/04/2020,20:00:00,19373,453,,ia outchilass rouskii yazik v chkolou
24/04/2020,20:33:00,19390,470,,"Eh voil√†, Monsieur le Pr√©sident !"
25/04/2020,12:46:00,19531,113,,1er selfy totem !
25/04/2020,14:30:00,19579,161,,
25/04/2020,09:48:00,19455,37,,
25/04/2020,20:32:00,19781,363,,
25/04/2020,19:39:00,19744,326,,
25/04/2020,20:42:00,19786,368,,mais pourquoi tous ces trucs scotch√©s ?
25/04/2020,21:23:00,19801,383,,saisie YH pour PC
25/04/2020,12:49:00,19539,121,,"Charles a piqu√© les images de France 3, le tricheur !"
26/04/2020,13:07:00,19917,96,,saisie YH pour SL
26/04/2020,11:00:00,19871,50,,
26/04/2020,13:56:00,19942,121,,
26/04/2020,15:43:00,19984,163,,saisie YH pour SL
26/04/2020,21:06:00,20149,328,,
27/04/2020,12:54:00,20297,130,,t'es encore plus beau qu'√† la t√©l√© !
27/04/2020,11:53:00,20278,111,,Mais qui sont donc ces contributeurs anonymes ? 
27/04/2020,18:57:00,20503,336,,saisie YH pour CL
27/04/2020,06:31:00,20175,8,,bravo Pierre !
28/04/2020,18:34:00,20926,344,,coucou ; c'est totem Rivoli qui vient saisir ; apparemment vous avez un coup de mou √† Montpellier
28/04/2020,21:28:00,21021,439,,"J'ai connu un type de droite une fois, il √©tait vachement sympa"
28/04/2020,10:48:00,20663,81,,"En fait les deux chiffres √©taient bien visibles. On croyait que non, mais en fait si. Qui l'e√ªt cru ?"
29/04/2020,11:17:00,21152,122,,
29/04/2020,20:09:00,21526,496,,rien √† ajouter apr√®s une photo pareille...
30/04/2020,08:40:00,21647,56,,sortie √† poney
30/04/2020,15:45:00,21846,255,,le plus long des chemins (vers le totaym) commence toujours par un seul tour de p√©dale
30/04/2020,16:13:00,21862,271,,"Toutes les courses par le Totem et par Flahault ! Un aller-retour, compt√© 4 fois, #JeSuisUnDesDeux qui double d'estime !"
30/04/2020,13:30:00,21776,185,,
30/04/2020,19:10:00,21987,396,,"t'inqui√®te pas Totem, on t'en remettra des p'tits coeurs"
30/04/2020,18:17:00,21947,356,,totem t'es tout nu !!!
30/04/2020,11:29:00,21717,126,,avant l'heure du crime...
01/05/2020,05:06:00,22088,1,,"apr√®s j'ai pris un petit dej √† la patisserie bonnaire, c'√©tait bonnard"
01/05/2020,06:42:00,22094,7,,"sinon, toi √ßa va? des nouvelles de Slacky Botbot?"
01/05/2020,07:40:00,22100,13,,"Quand je serai en √¢ge de travailler, je serai totem. Ou pas"
30/04/2020,20:19:00,22040,449,,
01/05/2020,14:30:00,22246,159,,JSUDD !
02/05/2020,09:31:00,22546,39,,from Marie with love
02/05/2020,13:54:00,22708,201,,saisie inframaniaque pour v√©lumin√©e
02/05/2020,21:54:00,23017,510,,"on √©tait bien avec Albert, on s'est laiss√© avoir par la montre. Manquait que Slacky bobot et ses acolytes pour atteindre la perfection. Mais j'avais une autorisation de travail. Et sur celle-ci, il n'y a pas d'horaire. Voil√†, bonne soir√©e"
03/05/2020,11:19:00,23113,82,,Fid√®le au poste
03/05/2020,19:32:00,23382,351,,Live from the Creator
03/05/2020,16:18:00,23249,218,,N'avez-vous pas trop chaud mon cher Albert ?
04/05/2020,13:33:00,23672,229,,les2chiffres√©taientpresquebienvisibles
04/05/2020,19:20:00,23928,485,,Tout ira bien √† v√©lo ! 
04/05/2020,09:56:00,23570,127,,
05/05/2020,09:55:00,24151,133,,
05/05/2020,17:59:00,24492,474,,
05/05/2020,14:09:00,24294,276,,√ßa biche?
05/05/2020,07:27:00,24041,23,,
05/05/2020,13:48:00,24282,264,,
06/05/2020,08:26:00,24727,58,,coucou Cl√©mence !
06/05/2020,11:28:00,24838,169,,"les haricots seraient hypers grands l√†. Mais bon, on s'en fout"
07/05/2020,18:16:00,25831,466,,
06/05/2020,19:52:00,25275,606,,et un de plus !
08/05/2020,09:24:00,26023,41,,Bonjour Totem !
08/05/2020,09:44:00,26033,51,,l'heure du pastis
08/05/2020,12:32:00,26100,118,,totem je t'aime toujours
08/05/2020,19:48:00,26396,414,,saisie VP pour prez mouah ah aha ah
08/05/2020,22:25:00,26470,488,,"Oui, je sais, l'heure blabla... :D"
09/05/2020,11:59:00,26640,166,,les miracles du totem...
09/05/2020,18:44:00,26860,386,,
10/05/2020,08:14:00,27009,30,,bonne journ√©e amis totemistes
10/05/2020,10:12:00,27026,47,,
10/05/2020,15:20:00,27059,80,,
10/05/2020,18:58:00,27078,99,,
10/05/2020,20:03:00,27092,113,,"Nico, je te montrerai comment saisir tes donn√©es... ;-)"
11/05/2020,06:36:00,27130,9,,Tu as √©t√© mon premier rdv dans ce nouveau monde. Heureuse de t'avoir parmi nous !!!
11/05/2020,21:08:00,27574,453,,"Bon je vais faire un tour en v√©lo ! (petite prog√©niture): ""moi aussi !"" 2 + 2 + 2 = 6 comptes de plus !"
11/05/2020,20:04:00,27541,420,,quel flemmard ce prez :-D
11/05/2020,10:28:00,27230,109,,l'aurore √©tait d√©j√† pass√©e depuis si longtemps...
11/05/2020,13:22:00,27284,163,,On me dit le plus grand bien de vos harengs pomme √† l'huile
11/05/2020,20:57:00,27572,451,,total palindrome pour un totem-droguay syndrome
12/05/2020,11:07:00,27814,213,,Quoi ? Totem aurait pris 2h de retard ?
11/05/2020,19:25:00,27508,387,,Oh ! Je crois bien que j'ai vu un v√©lo jaune.
11/05/2020,10:55:00,27239,118,,"√ßa va, les rhumatismes, Albert ?"
11/05/2020,13:51:00,27290,169,,le sens du sacrifice...
12/05/2020,08:37:00,27697,96,,Pour le 100 000 on va te faire la f√™te. Bisous
12/05/2020,19:09:00,28489,888,,"c'est beau, tous ces 8 !"
12/05/2020,21:09:00,28620,1019,,<3 <3 <3 ToteM
12/05/2020,20:32:00,28601,1000,,1000 c'est pas rien
12/05/2020,20:00:00,28577,976,,Clap clap clap
12/05/2020,21:56:00,28645,1044,,ON A P√âT√â LES MILLEUH !
13/05/2020,05:04:00,28708,9,,<3 Utrecht c'est une ville magnifique ü§©... Montpellier bient√¥t aussi !!!!
13/05/2020,05:25:00,28719,20,,ü§ì
13/05/2020,11:02:00,28901,202,,un des deux deux
13/05/2020,12:08:00,28958,259,,bananalove
13/05/2020,18:02:00,29299,600,,"Mais. Mais arr√™tez un peu ; mais puisque je vous dis que LES DEUX chiffes √©taient BIEN VISIBLES ! M'enfin c'est du harc√®lement, l√† !"
13/05/2020,18:18:00,29321,622,,Je ne laisserai dire personne que les deux chiffres n'√©taient pas bien visibles.
13/05/2020,19:20:00,29407,708,,mange ce soir
13/05/2020,20:02:00,29445,746,,la photo du mec chelou avec un bonnet
14/05/2020,09:14:00,29704,139,,Je voyais flou ce matin
13/05/2020,18:46:00,29361,662,,retour
13/05/2020,16:49:00,29215,516,,aller
14/05/2020,19:20:00,30357,792,,Cl√©mence is not waterproof
14/05/2020,14:29:00,30000,435,,whats up Albert? y aura pas assez de place pour le million
14/05/2020,19:07:00,30341,776,,"je t'aime avec ou sans les chiffres, mon Toty"
14/05/2020,18:36:00,30321,756,,ciaoooo
15/05/2020,13:05:00,30763,345,,
15/05/2020,16:51:00,31014,596,,#NotAllSkates
15/05/2020,19:29:00,31332,914,,prem's !! na na n√®re-euh
15/05/2020,21:58:00,31482,1064,,√©-mille
16/05/2020,10:30:00,31668,122,,enfin totem ch√©ri ;-) 
16/05/2020,13:11:00,31854,308,,Saisie tardive by CL
16/05/2020,16:20:00,32048,502,,horloge suisse nico !
16/05/2020,23:46:00,32394,848,,saisie sous-chef pour chef
17/05/2020,06:31:00,32436,24,,Fi√®vre totem-aurorologique 
17/05/2020,13:30:00,32724,312,,üòçüòçüòç
17/05/2020,17:35:00,33037,625,,
17/05/2020,21:18:00,33320,908,,"joyeux anniversaire, ma√Ætre infra"
17/05/2020,22:01:00,33343,931,,mais on a loup√© le 33 333
18/05/2020,11:54:00,33702,321,,"rentrer les donn√©es de Denis, c'est toujours un plaisir"
18/05/2020,12:44:00,33745,364,,
18/05/2020,06:31:00,33389,8,,quoi de plus beau pour d√©buter la journ√©e qu'un trajet √† v√©lo et une photo du totem ?
18/05/2020,17:58:00,34148,767,,"Trop de soleil ; pas de bol quand m√™me ; vivement la pluie, hein ?"
18/05/2020,18:17:00,34185,804,,hop !
18/05/2020,20:13:00,34382,1001,,un hasard ? Je ne crois pas
18/05/2020,22:29:00,34471,1090,,Ca y est je viens de planter ma tente au pied du Totem ! Bonne nuit.
19/05/2020,04:58:00,34512,8,,featurin' aurorologue
19/05/2020,09:25:00,34742,238,,auro-bis
18/05/2020,19:48:00,34356,975,,prez par vice-prez
19/05/2020,04:54:00,34511,7,,
19/05/2020,12:50:00,34966,462,,Joli score en vue !
19/05/2020,19:46:00,35669,1165,,beeeeeeeeelle journ√©e
19/05/2020,18:31:00,35525,1021,,36¬∞C mais le fond de l'air √©tait fred
19/05/2020,22:08:00,35807,1303,,5 v√©los sont pass√©s √† c√¥t√©s... on peut les rajouter lol!
,,,,,20/05/2020 00:22 35864 1360
20/05/2020,06:25:00,35891,11,,merci Guillaume !!!! :-D 
20/05/2020,23:25:00,37114,1234,,just the four of us
20/05/2020,21:40:00,37059,1179,,Et dire que tout aurait pu s'arr√™ter l√†...
21/05/2020,06:36:00,37188,22,,Ma-trouille des aurores dit bonjour !!!!
21/05/2020,11:13:00,37369,203,,merci aur√©lien !!
21/05/2020,19:55:00,37954,788,,<3
22/05/2020,07:40:00,38194,42,,Bonjourrrrr
21/05/2020,20:11:00,37974,808,,Totem du soir bonsoir (d√©d√© pour Pierre)
22/05/2020,20:02:00,39059,907,,Petit cheminot o√π es-tu ? Petit cheminot m'entends-tu ? Petit cheminot regarde-mouaaaa... je pense √† touaaaa... la la la la la tchaf tchaf
23/05/2020,06:54:00,39288,26,,Demain 7h on viens te dire bonjour ;)
23/05/2020,12:34:00,39558,296,,toutes ces co√Øncidences...
23/05/2020,18:01:00,39880,618,,"alors, 40 000 ce soir ou demain matin ??? myst√®re !!"
23/05/2020,19:10:00,39965,703,,merci nan√©e !!
23/05/2020,19:56:00,40017,755,,oups...
24/05/2020,06:40:00,40206,23,,üåáüåÜüåÉüö¥‚Äç‚ôÄÔ∏èüö¥‚Äç‚ôÇÔ∏è
24/05/2020,08:24:00,40219,36,,Tout ira bien √† v√©lo !
24/05/2020,12:04:00,40399,216,,les 3000km du v√©lo d'aurore !!!
24/05/2020,21:47:00,40867,684,,PUTAIN D'AUTOCOLLANT (JE SUIS PAS EN COL√àRE J'AI JUSTE OUBLIE D'ENLEVER LE VERROUILLAGE MAJUSCULE)
25/05/2020,12:56:00,41340,404,,"Whaou, il va encore y avoir du monde aujourd'hui. Record en vue ?"
25/05/2020,13:30:00,41389,453,,merci Sophie L !
25/05/2020,06:28:00,40953,17,,"A totaym a day keep the doctor away (variante de ""Un totem le lundi matin et la semaine se passera bien"")"
25/05/2020,18:56:00,41882,946,,magic clem aux platines üòéÔ∏è
25/05/2020,21:09:00,42043,1107,,m'aideras tu √† obtenir les donn√©es de tes petits fr√®res ?
26/05/2020,05:55:00,42153,14,,Premi√®re visite pour le v√©lo de monsieur ;)
26/05/2020,17:53:00,43044,905,,Et oui des fois je prends le temps de rentrer les datas üòä
26/05/2020,21:57:00,43427,1288,,"Pendant que certains boivent des bi√®res, Totem bouffe du velos !"
27/05/2020,12:10:00,43900,378,,merci Nico !
27/05/2020,21:04:00,44741,1219,,un bon petit mercredi bien achaland√©
28/05/2020,07:22:00,44906,40,,
28/05/2020,09:16:00,45108,242,,merci Pierre !
28/05/2020,08:32:00,45011,145,,merci Cl√©mence !
27/05/2020,12:30:00,44103,581,,photo Toto
28/05/2020,20:32:00,46185,1319,,Youna t'es la meilleure !
28/05/2020,20:54:00,46220,1354,,Quoi de plus beau que les derni√®res lueurs du jour illuminant Totem ?
28/05/2020,23:56:00,46354,1488,,sans rancune aucune
28/05/2020,16:35:00,45634,768,,nouveau style surexpos√©
28/05/2020,14:39:00,45477,611,,merci Barbara !
29/05/2020,17:01:00,47250,895,,quel suspense !!!
29/05/2020,19:33:00,47538,1183,,merci Aurore !
30/05/2020,11:42:00,48081,281,,aaaaaaaaaahhh mon totem
30/05/2020,10:57:00,48028,228,,:garde_britannique_homme:
30/05/2020,15:45:00,48360,560,,Merci Lucie B !
30/05/2020,16:47:00,48454,654,,aurorologie tardive :-) 
30/05/2020,17:35:00,48520,720,,
30/05/2020,17:39:00,48522,722,,Je crois je me suis tromp√© dans la saisie juste avant:)
30/05/2020,18:41:00,48613,813,,"Vivement l'heure de pointe du samedi soir, √† quelle heure va-t-on d√©passer les mille ?"
31/05/2020,12:18:00,49198,288,,retour de sunrise ride - bravo Nan√©e pour cette premi√®re sortie de >40km :muscle:
31/05/2020,17:43:00,49465,555,,Merci Lucie B. !
31/05/2020,21:09:00,49684,774,,
01/06/2020,07:05:00,49810,44,,
01/06/2020,08:16:00,49826,60,,Merci Fred !
01/06/2020,12:35:00,50000,234,,"Quand il s'agit d'assurer pour attraper les 50 000, il faut bien deux Fred ; c'est plus s√ªr, et √ßa marche !!!"
01/06/2020,13:34:00,50033,267,,Des deux couillons seul le plus couillon est capable d'avoir les deux chiffres bien visibles
02/06/2020,13:01:00,51145,539,,Bapt√™me totem pour Sophia ! 
02/06/2020,12:55:00,51139,533,,saisie YH pour NLM
02/06/2020,18:26:00,51743,1137,,
02/06/2020,22:45:00,52163,1557,,"quand le prez n'a plus de batterie, il dicte au vice-prez qui fait secr√©tairz"
03/06/2020,06:56:00,52307,94,,Coucou Totem !!!! Bon record √† toi :)
03/06/2020,10:02:00,52577,364,,"Toto, je ne veux pas de commentaire sur mes horaires de boulot... ;-)"
02/06/2020,19:44:00,51945,1339,,avec toujours 35% des cyclistes qui passent √† c√¥t√©
02/06/2020,19:13:00,51871,1265,,M√™me √† 19h13 il fait encore trop chaud...
03/06/2020,20:24:00,53613,1400,,
03/06/2020,21:23:00,53661,1448,,
04/06/2020,12:02:00,54016,290,,il pleut !!!
04/06/2020,18:37:00,54570,844,,"les 4 chiffres bien visibles, la sp√©ciale de Fred !"
04/06/2020,18:57:00,54599,873,,"l√† on est cens√© √©crire un truc dr√¥le ou inspirant, non ?"
04/06/2020,15:09:00,54216,490,,merciiiiiiiiiii grazieeeee
05/06/2020,16:35:00,55729,800,,
05/06/2020,19:37:00,56129,1200,,Merci aur√©lien !
06/06/2020,07:16:00,56516,122,,122!!!? Je crois que c'est Record matinal et surtout pour un samedi!! üí™
06/06/2020,13:14:00,56840,446,,
06/06/2020,15:43:00,57006,612,,57000
06/06/2020,16:49:00,57110,716,,la plus belle qualitay c'ay de partageay
07/06/2020,07:33:00,57638,42,,vive l'aurorologie !
07/06/2020,16:08:00,57918,322,,
07/06/2020,18:23:00,58050,454,,"Montpellier √† v√©lo, on d√©passe les autos... "
08/06/2020,16:20:00,59176,862,,Pas de NoDataMonday !!! Merci Rachel
08/06/2020,17:37:00,59329,1015,,poussinette ü§£Ô∏èü§£Ô∏èü§£Ô∏è
08/06/2020,19:57:00,59648,1334,,ah vous vous √™tes croisay ?
08/06/2020,19:38:00,59614,1300,,
08/06/2020,19:24:00,59593,1279,,
08/06/2020,19:03:00,59538,1224,,
09/06/2020,06:40:00,59900,61,,On va pour le 60000 !!
09/06/2020,15:43:00,60607,768,,en attendant d'avoir le devinator et les abaques...
09/06/2020,17:10:00,60760,921,,
09/06/2020,17:26:00,60797,958,,
09/06/2020,17:36:00,60839,1000,,Barbara pour Cl√©mence ü§ó
09/06/2020,05:25:00,59890,51,,pierrot le l√®ve-t√¥t !
09/06/2020,10:47:00,60254,415,,
10/06/2020,06:49:00,61342,44,,
10/06/2020,08:05:00,61418,120,,
10/06/2020,11:22:00,61715,417,,c'est emb√™tant ces chiffres qui changent tout le temps...
10/06/2020,11:22:00,61715,417,,saisie automatique aurore corrig√©e ensuite
10/06/2020,20:26:00,62686,1388,,:)
10/06/2020,21:02:00,62739,1441,,et le 1442√®me tr√®s peu de temps apr√®s :-) 
10/06/2020,22:12:00,62795,1497,,"Nan√©e, reine de la patience, recordman de la r√©sistance √† la tentation. Chapeau."
11/06/2020,07:45:00,62978,109,,Bonjouuuurrrrr
11/06/2020,19:40:00,64173,1304,,<3
11/06/2020,18:20:00,64004,1135,,"""M√©fies-toi du cochon sur le totem"" (proverbe chinois)"
12/06/2020,13:45:00,64632,281,,
12/06/2020,13:29:00,64623,272,,retour de r√©union √† 3M :-) 
12/06/2020,16:11:00,64747,396,,merci aurore !
12/06/2020,17:48:00,64846,495,,Ciaoo
13/06/2020,10:32:00,65366,163,,
13/06/2020,11:30:00,65410,207,,"Cheri je vais juste faire un petit tour...
:sunglasses::joy:
Totadrogay"
13/06/2020,18:40:00,65859,656,,Quelqu'un.e doit bien rester ae garde du totaym pendant que les autres sauvent Castelnau üòÇüòÇ
10/06/2020,23:53:00,62867,1569,,
13/06/2020,18:48:00,65871,668,,Magnifique ciel !
14/06/2020,06:08:00,66301,111,,Wow !!!!
14/06/2020,09:15:00,66355,165,,
14/06/2020,12:08:00,66541,351,,Aur√©lien 
14/06/2020,12:08:00,66541,351,,Aur√©lien (2eme attempt)
14/06/2020,14:17:00,66668,478,,Fred et pelouque
14/06/2020,14:16:00,66666,476,,"v'hell au cit√© , le club de l'enfer"
15/06/2020,06:51:00,67209,44,,
15/06/2020,21:08:00,68609,1444,,üòò https://twitter.com/aurorologue/status/1272608054169624576?s=19
15/06/2020,21:41:00,68668,1503,,Record!!!???
15/06/2020,20:35:00,68561,1396,,
15/06/2020,22:20:00,68700,1535,,
16/06/2020,10:11:00,69239,442,,Pierre's
16/06/2020,18:09:00,70158,1361,,
16/06/2020,15:39:00,69834,1037,,
16/06/2020,19:00:00,70296,1499,,
16/06/2020,19:25:00,70361,1564,,
16/06/2020,21:53:00,70597,1800,,Quel grand jour pour Toto !
16/06/2020,19:36:00,70397,1600,,Pierre √† l'affut des chiffres
16/06/2020,15:39:00,69834,1037,,de retour de la manif de soutien aux soignants
15/06/2020,23:59:00,68797,1632,,et la magie de minuit agit...
16/06/2020,22:29:00,70627,1830,,I want to believe
16/06/2020,23:24:00,70666,1869,,satan y loge
16/06/2020,23:59:00,70695,1898,,Maintenant je sais.
17/06/2020,08:07:00,70867,172,,Quand on t‚Äôenvoie des nouvelles du totem ! 
17/06/2020,10:19:00,71138,443,,Oups ! j'ai pas entendu mon r√©veil !!!
17/06/2020,12:32:00,71333,638,,"mon premier totem commentaire, toi toi mon toi, toi toi mon toTemoi <3 <3 <3"
17/06/2020,16:55:00,71732,1037,,quadrio gagnant !
17/06/2020,18:24:00,71971,1276,,On est comment?? Record nouveau ou pas??
17/06/2020,18:45:00,72055,1360,,
17/06/2020,19:50:00,72217,1522,,
17/06/2020,22:11:00,72383,1688,,"on a battu le record d'avant le confinement une deuxi√®me fois, mais √©videmment apr√®s les 1898 d'hier, √ßa para√Æt petit :-)"
17/06/2020,19:04:00,72117,1422,,wouch 100 v√©los en 46 minutes..
18/06/2020,06:24:00,72516,66,,
18/06/2020,07:05:00,72544,94,,üåá
18/06/2020,11:13:00,72970,520,,Pierre's
18/06/2020,15:26:00,73336,886,,
18/06/2020,18:22:00,73716,1266,,mode distanciation totem max
18/06/2020,19:20:00,73860,1410,,on n'y voit goutte
18/06/2020,20:26:00,74002,1552,,
18/06/2020,20:41:00,74035,1585,,
19/06/2020,13:01:00,74808,615,,Pour Cl√©mence 
19/06/2020,16:33:00,75138,945,,Sortie d ecole
19/06/2020,18:33:00,75378,1185,,
19/06/2020,18:45:00,75411,1218,,
19/06/2020,18:19:00,75351,1158,,
20/06/2020,10:37:00,76038,228,,Bon week-end Pierre !
20/06/2020,10:50:00,76049,239,,
20/06/2020,19:45:00,76641,831,,Pour Nanee
20/06/2020,19:45:00,76641,831,,
21/06/2020,08:20:00,77014,122,,
21/06/2020,16:17:00,77364,472,,
21/06/2020,14:55:00,77306,414,,
21/06/2020,22:29:00,77707,815,,
22/06/2020,07:34:00,77851,106,,
22/06/2020,10:30:00,78203,458,,
22/06/2020,12:00:00,78309,564,,
22/06/2020,12:30:00,78352,607,,
22/06/2020,18:22:00,78922,1177,,
22/06/2020,19:06:00,79046,1301,,
22/06/2020,21:02:00,79251,1506,,
23/06/2020,04:58:00,79422,38,,Pierre :)
23/06/2020,08:23:00,79592,208,,
23/06/2020,18:44:00,80732,1348,,pour Nanee
23/06/2020,18:44:00,80732,1348,,
24/06/2020,10:46:00,81616,465,,Merci Rachel !
24/06/2020,09:00:00,81457,306,,Passage en tram
24/06/2020,02:54:00,81193,42,,Last night a totem saved my life !
16/06/2020,00:01:00,68797,0,,test Denis
24/06/2020,19:27:00,82479,1328,,merci pierre !
24/06/2020,21:02:00,82629,1478,,
24/06/2020,21:41:00,82677,1526,,shiva panneau vous √™tes trop fort.e.s
24/06/2020,22:09:00,82709,1558,,
25/06/2020,15:02:00,83660,858,,merci Barbara !
25/06/2020,20:50:00,84435,1633,,
25/06/2020,20:06:00,84364,1562,,Je me suis tromp√©e de 100 dans lq saisi d'avant :fouet: ü§¶‚Äç‚ôÄÔ∏èhttps://jesuisundesdeux.slack.com/archives/CV1V589C2/p1593111379004900
25/06/2020,20:40:00,84415,1613,,
25/06/2020,22:38:00,84549,1747,,pour Cl√©m√©nc√© :P je sais pas o√π va l'accent :P
26/06/2020,10:05:00,85064,462,,
26/06/2020,09:53:00,85049,447,,"Totem, pour toi, on ira d√©crocher la Lune, on ira gravir la plus haute montagne, on fera fermer des 4 voies et on remettra les flying k5 jusqu'√† la nuit des temps.
Totem, je t'aime."
26/06/2020,12:08:00,85203,601,,tooooooooteeeeeeem <3 <3 <3 <3 <3
26/06/2020,18:34:00,85900,1298,,
26/06/2020,18:12:00,85851,1249,,
26/06/2020,21:00:00,86174,1572,,going up ! 
26/06/2020,22:40:00,86280,1678,,
26/06/2020,23:29:00,86335,1733,,
27/06/2020,00:41:00,86368,17,,Pour Nanee
27/06/2020,12:02:00,86682,331,,Fait trop chaud pour totemiser !
27/06/2020,17:03:00,87011,660,,
27/06/2020,19:04:00,87178,827,,JOYEUX ANNIVERSAIRE MARIE !!!!!
27/06/2020,23:44:00,87431,1080,,
28/06/2020,00:00:00,87438,1,,
28/06/2020,14:43:00,87899,462,,Alors ? Et vous ? Pour qui avez-vous vot√© et pourquoi Delafosse (ou pas) ?
28/06/2020,17:42:00,88054,617,,MonMoustacheMonVote
28/06/2020,19:07:00,88155,718,,
29/06/2020,07:40:00,88482,102,,
29/06/2020,09:03:00,88703,323,,
29/06/2020,18:52:00,89601,1221,,un deux ou deux un ??? :cri_du_chat:
29/06/2020,11:57:00,88888,508,,huiiiiiiiiiiiiiiiiiiiiiiiiiiiiiiiiiiiiiiiiiiiiiiiiit
29/06/2020,18:35:00,89551,1171,,"Le totem c'est un peu le grand fr√®re ou la grande soeur qu'on a pas eu, notre confident, une √©paule solide sur laquelle on est s√ªr de pouvoir compter, un ami, une r√©f√©rence, un peu comme une piste cyclable continue en monodir de chaque c√¥t√© avec carrefour √† la hollandaise"
29/06/2020,22:02:00,89887,1507,,22h02. C'est du harc√®lement. Ce n'est pas joli joli de nous faire √ßa mad√¢me.
30/06/2020,09:21:00,90412,444,,
30/06/2020,12:09:00,90668,700,,
30/06/2020,12:30:00,90708,740,,40 üö≤ en ~20minutes
30/06/2020,12:06:00,90660,692,,"Toute premi√®re fois, toutoute premi√®re fois!"
30/06/2020,18:47:00,91445,1477,,saisie anonyme :tire_la_langue:
30/06/2020,18:55:00,91468,1500,,√ßa papote √ßa papote
30/06/2020,19:03:00,91490,1522,,For cl√©mence 
30/06/2020,22:02:00,91772,1804,,
30/06/2020,21:35:00,91755,1787,,un hasard ??....
30/06/2020,21:53:00,91769,1801,,...je ne crois pas.
01/07/2020,06:34:00,91976,95,,
01/07/2020,07:00:00,91983,102,,"Erreur de frappe dans la manip pr√©c√©dente ü§¶‚Äç‚ôÄÔ∏è
Pas encore bu mon caf√© "
01/07/2020,16:20:00,92831,950,,Team-ide
01/07/2020,17:45:00,93021,1140,,
01/07/2020,18:02:00,93094,1213,,
01/07/2020,18:13:00,93121,1240,,100 veloen 30 minutes 
01/07/2020,18:47:00,93221,1340,,200 v√©lo (via totem) en 1h üòçüòç
01/07/2020,18:09:00,93113,1232,,j'adore !! les deux chiffres et le pr√©sident bien visibles :-) 
01/07/2020,22:13:00,93521,1640,,T'√©tais encore au resto ??? :-D
01/07/2020,23:21:00,93581,1700,,une belle contribution de notre ami Thiours !!!
02/07/2020,07:15:00,93695,93,,Timide
02/07/2020,09:00:00,93956,354,,Timide et drogay
02/07/2020,09:21:00,94006,404,,Timide
02/07/2020,06:30:00,93673,71,,Pierre le matinal
02/07/2020,14:07:00,94396,794,,Tim
02/07/2020,14:30:00,94422,820,,Ide
02/07/2020,17:04:00,94671,1069,,"Charles, c'est int√©ressant les plans larges, mais peu lisible... ;-)"
02/07/2020,21:33:00,95304,1702,,"Totem, 
√ßa faisait lgtps que je ne t'avais pas personnellement confi√© les chiffres, ces fameux chiffres bien visibles qui t'appartiennent. Ils sont ton unique raison de vivre et je comprends ta frustration. Sache qu'elle est partag√©e par nombre d'entre nous. Au fond tout cela ne veut rien dire. 1 v√©lo, 2 v√©los, 100 000 v√©los, 145 000 v√©los. Je ne sais plus. Tout cela a-t-il du sens? 
Si je le pouvais, pour toi Totem, je n'irai pas d√©crocher la Lune, j'irai installer des compteurs sur le trottoir d'en face et partout o√π il le faudra, et ce, jusqu'√† la nuit des temps.
Totem,
Je t'aime."
02/07/2020,23:10:00,95400,1798,,"Le destin a voulu que ce soir encore (pour la 4eme fois, non ?) le totem d√©passe les 1800. C'est pour l'instant un moment rare, connu et appr√©ci√© d'un petit groupe d'amateuses et amateurs, mais il faut se rendre √† l'√©vidence... d√®s septembre les 2000 seront r√©guli√®rement d√©pass√©s et probablement assez vite aussi les 3000 et... que voulez-vous que je vous dise... Mektoub."
02/07/2020,23:15:00,95412,1810,,"C'est une bonne situation, √ßa, scribe de totaym ?
Vous savez... je ne crois pas qu'on puisse parler de bonne.. ou de mauvaise situation.. le totaym ce sont avant tout des rencontres.. des gens qui, un jour, te tendent la main alors que tu n'avais pas de carte des temps de trajets ou que tu n'√©tais pas encore adh√©rent √† V√©locit√© alors oui.. je chante le totaym, je danse le totaym"
02/07/2020,23:31:00,95424,1822,,moi ce qui me d√©glingue c'est d'imaginer que les personnes qui n'ont pas encore vu la remise √† z√©ro du totaym √† minuit constitue (apparemment) l'√©crasante majorit√© de la population de Montpelier. Il para√Æt m√™me qu'un nombre non n√©gligeable (45% ? nonnnn c'est pas possib') de personnes passent *√† c√¥t√©* du capteur... sans se faire COMPTER !!! moi je d√©missionne c'est pu possib'
02/07/2020,23:03:00,95383,1781,,
03/07/2020,09:08:00,95773,336,,Tim
03/07/2020,08:21:00,95639,202,,Tim
03/07/2020,09:17:00,95792,355,,Tim
03/07/2020,12:22:00,96057,620,,"Thiours, c'est quoi ton vrai nom, en fait ?"
03/07/2020,11:42:00,95986,549,,merci Sophia !
03/07/2020,14:01:00,96204,767,,
03/07/2020,13:56:00,96196,759,,
03/07/2020,15:21:00,96313,876,,
03/07/2020,21:34:00,97045,1608,,Timide
03/07/2020,21:16:00,97019,1582,,y'en a deux qu'arrivaient
03/07/2020,20:54:00,97002,1565,,En poste !
03/07/2020,18:55:00,96779,1342,,nederland
03/07/2020,19:52:00,96910,1473,,pour Pierre
03/07/2020,18:21:00,96688,1251,,cl√©m
03/07/2020,01:52:00,95481,44,,Observation pierrot reconstitu√©e
03/07/2020,23:53:00,97141,1704,,le pr√©z qui cl√¥t la journ√©e en beaut√© (et au dessus de 1700)
04/07/2020,13:15:00,97560,415,,Tim
04/07/2020,09:30:00,97307,162,,Tim
04/07/2020,13:01:00,97539,394,,good new day
04/07/2020,06:09:00,97220,75,,pierrot's morning
04/07/2020,11:54:00,97470,325,,pierrot's midday
04/07/2020,11:09:00,97423,278,,C√©dric's late breakfast
04/07/2020,14:00:00,97609,464,,
04/07/2020,17:12:00,97767,622,,merci aur√©lien !!
05/07/2020,02:24:00,98204,48,,Pierre
05/07/2020,07:28:00,98247,91,,Thiours d√©couvre qu'il peut rentrer les valeurs autonome ! :-D
05/07/2020,09:41:00,98306,150,,C'est qu'on y prend go√ªt √† ce petit formulaire !
05/07/2020,13:04:00,98453,297,,Les deux Raymonds
05/07/2020,16:58:00,98581,425,,2
05/07/2020,07:45:00,98250,94,,plus que 100km
05/07/2020,19:57:00,98745,589,,DF tof soph
05/07/2020,18:45:00,98677,521,,DF Tof Aur√©
05/07/2020,18:04:00,98632,476,,DF Tof Cl√©m
06/07/2020,06:44:00,99000,114,,"Tic Tac, ce soir c'est la f√™te √† Totem"
06/07/2020,07:56:00,99063,177,,Le matin des 100k !?
06/07/2020,08:14:00,99104,218,,
06/07/2020,11:45:00,99445,559,,
06/07/2020,15:25:00,99671,785,,merci Rachel !!!
06/07/2020,15:30:00,99681,795,,gasp #cant Wait
06/07/2020,06:09:00,98984,98,,DF > marie op√© totem-brushing
06/07/2020,16:27:00,99741,855,,DF > C√©dric en mode totaym-camping
06/07/2020,16:39:00,99762,876,,DF > les deux ailes bien visibles :-D 
06/07/2020,16:58:00,99792,906,,DF > oul√† √ßa s'acc√®l√©re
06/07/2020,18:12:00,100000,1114,,DF > merci c√©dric pour la photo finish !!!
06/07/2020,18:53:00,100111,1225,,DF > c√©dric
06/07/2020,19:11:00,100162,1276,,DF > prez
06/07/2020,18:45:00,100083,1197,,DF > nico
07/07/2020,08:46:00,100800,314,,
07/07/2020,15:52:00,101386,900,,Tim
07/07/2020,06:18:00,100551,65,,"Totem, tes ailes bless√©es me rendent un peu triste mais si je sais bien que tu ne t'enveloras jamais.
Toi non plus tu n'aimes pas le vent. Comme les ""personnes se d√©pla√ßant √† v√©lo"", les PDV (pas les polydnavirus qui eux s'en contrefichent du vent) et aussi les pongistes dont je fais partie.
J‚Äôesp√®re qu'on aura l'occasion d'en parler de vive voix,
bonne soir√©e Totem, que la nuit te soit douce"
07/07/2020,19:41:00,101973,1487,,
08/07/2020,08:16:00,102534,238,,
08/07/2020,09:33:00,102763,467,,d. du retour du dentiste ; oui je sais c'est passionant
08/07/2020,21:46:00,103944,1648,,d. d√®s fois je me demande combien d'autres personnes saisissent ; merci √† celles et ceux qui font les photos !
08/07/2020,18:53:00,103650,1354,,d. toujours fid√®les au poste !!
09/07/2020,00:06:00,104052,1,,
09/07/2020,08:15:00,104240,189,,En fait c'est bien foutu votre formulaire mine de rien. 
09/07/2020,08:35:00,104322,271,,
09/07/2020,16:30:00,104945,894,,Tim
09/07/2020,11:12:00,104574,523,,
10/07/2020,16:21:00,106534,835,,Tim
10/07/2020,20:40:00,107052,1353,,Id
10/07/2020,21:10:00,107087,1388,,
10/07/2020,22:13:00,107152,1453,,
11/07/2020,11:36:00,107490,252,,
11/07/2020,17:09:00,107751,513,,https://jesuisundesdeux.slack.com/archives/CV1V589C2/p1594480176001900
11/07/2020,05:32:00,107297,59,,https://jesuisundesdeux.slack.com/archives/CV1V589C2/p1594486086004300
11/07/2020,11:57:00,107511,273,,https://jesuisundesdeux.slack.com/archives/CV1V589C2/p1594461446000800
12/07/2020,11:02:00,108324,214,,
12/07/2020,20:19:00,108677,567,,
12/07/2020,21:01:00,108714,604,,"Totem, si tu √©tais un instrument de musique, lequel serais-tu? 
Je te verrais bien joueur de batterie m√™me si ce n'est probablement pas tr√®s r√©aliste compte tenu de ta morphologie qui laisserait a priori penser que tu pourrais √™tre un ma√Ætre de la musique assist√©e par ordinateur. Il me semble bien toutefois que tu fais un petit clic quand tu te remets √† 0. Tout cela n'est pas encore tr√®s √©tudi√© mais peut √™tre qu'un jour ce petit clic sera sampl√© et fera le tour du monde, ou au moins le tour des totems de la FDTU.

Je t'aimes comme tu es, ne t'inqui√®tes pas. Musicien ou pas."
13/07/2020,08:24:00,108934,133,,On a tous besoin d‚Äôidoles 
13/07/2020,18:09:00,109533,732,,un (ou une ?) autre tim
13/07/2020,17:07:00,109444,643,,DF pour Sophia
14/07/2020,12:15:00,110183,280,,"√ßa va aller Totem, ils reviendront"
14/07/2020,20:18:00,110617,714,,"Totem, 
qu'est-ce que tu penses de la poutine? Tu as un avis? Tu n'es pas oblig√©. Imagine si tout le monde avait un avis sur tout.
Moi au d√©but, j'ai trouv√© √ßa bizarre. Des frites molles ? Pourquoi?
Du coup, j'avais un avis avant. Maintenant j'en ai plus, je sais pas ce que j'en pense mais √ßa peut √™tre bien r√©alis√©, surtout quand y a pas trop de sauce. En tout cas, on peut changer d'avis et √ßa c'est encourageant.
La prochaine fois je te parlerai probablement de la capacit√© des pyrales du ma√Øs (Ostrinia sp.) √† s'adapter √† la hauteur de coupe du ma√Øs au fil du temps, pour passer l'hiver et ainsi survivre. 
Ou pas."
15/07/2020,08:33:00,111019,235,,
15/07/2020,10:34:00,111172,388,,YH pour Barbara
15/07/2020,19:45:00,112129,1345,,
15/07/2020,21:24:00,112265,1481,,"Situ√© dans les Pyr√©n√©es, Gavarnie est un petit village de montagne (environ 1 400 m√®tres d'altitude) √† la fronti√®re avec l'Espagne. En 1997, le massif du Mont-Perdu dont fait partie le cirque de Gavarnie a √©t√© class√© au patrimoine mondial de l'UNESCO au double titre de paysage naturel et culturel1.

Gavarnie-G√®dre est la commune fran√ßaise la plus m√©ridionale travers√©e par le m√©ridien de Greenwich. "
16/07/2020,08:32:00,112591,222,,
16/07/2020,11:30:00,112902,533,,
16/07/2020,10:01:00,112797,428,,
15/07/2020,19:08:00,112004,1220,,merci Christine !
16/07/2020,18:16:00,113505,1136,,https://jesuisundesdeux.slack.com/archives/CV1V589C2/p1594916186001700
16/07/2020,20:44:00,113837,1468,,DF > PC
17/07/2020,08:55:00,114273,279,,merci Nan√©e !
17/07/2020,21:00:00,115395,1401,,"question :Les totems ont-ils un syndicat des totems?
(juste pour savoir)"
17/07/2020,18:28:00,115140,1146,,https://jesuisundesdeux.slack.com/archives/CV1V589C2/p1595003281008600
18/07/2020,13:10:00,115905,384,,34 ¬∞c üòâ
19/07/2020,06:45:00,116521,70,,
19/07/2020,07:31:00,116529,78,,
18/07/2020,18:18:00,116156,635,,merci Sophia !
18/07/2020,18:58:00,116214,693,,merci Aur√©lien !
19/07/2020,15:38:00,116833,382,,big bisou toto
19/07/2020,18:29:00,116950,499,,DF > AB
19/07/2020,23:34:00,117209,758,,
20/07/2020,12:25:00,117692,469,,YH pour Sophia
20/07/2020,13:03:00,117722,499,,
20/07/2020,17:23:00,118002,779,,DF pour BC
20/07/2020,21:49:00,118523,1300,,DF pour BC
21/07/2020,08:20:00,118739,148,,
21/07/2020,19:21:00,119877,1286,,not all trottinettes !
22/07/2020,19:15:00,121329,1183,,DF pour YH qui s'ay dayvouay pour ayvitay un nouveau #noDataDay
23/07/2020,11:32:00,122090,450,,Merci Sophia !!!
23/07/2020,23:40:00,122916,1276,,Magnifique photo d'Aurore :)
24/07/2020,14:40:00,123512,589,,Merci Nan√©e !
25/07/2020,06:28:00,124362,88,,
25/07/2020,21:18:00,125067,793,,pat'patrouille du soir
26/07/2020,16:38:00,125552,378,,DF pour AB
27/07/2020,14:24:00,126440,538,,Seulement 33¬∞C !
28/07/2020,10:13:00,127500,335,,la premi√®re personne qui dit que j'ai choisi mon dentiste suite √† traumatisme du #NoDataSaturday du 14 mars 2020 (d√©j√†)...
28/07/2020,11:59:00,127594,429,,"Totem, arrives-tu √† reconna√Ætre les cyclistes au fur et √† mesure du temps? ""ah oui le petit gros avec le kway mauve""
Saurais-tu nous dire combien de touristes visiteurs passent te voir √©tant donn√© ta renomm√©e intergalactique?
Que cette soir√©e te soit douce et prosp√®re, Totem."
29/07/2020,12:01:00,129025,475,,
30/07/2020,08:38:00,130153,225,,
31/07/2020,08:43:00,131426,201,,
31/07/2020,19:01:00,132158,933,,DF pour BC #CricitalMassRiprizent
30/07/2020,19:34:00,130959,1031,,"Quand l'aurorologue discute avec bilook sur Tviteure, elle poste des photos avec les deux chiffres bien visibles dans un tweet puis elle pingue toto dans un autre tweet. Et certains foufous de chiffres qui n'ont pas les notif de toto remplissent le formulaire. Et apr√®s on s'√©tonne que tout foute le camp. Peace and love les mecques, choisissez vos gros cailloux"
01/08/2020,00:57:00,132497,24,,üòò
01/08/2020,12:31:00,132730,257,,40 ¬∞c
01/08/2020,17:00:00,132864,391,,"totem je t'aime, mais mon cerveau a fondu aujourd'hui, je ne peux te raconter ma vie. #43¬∞C"
02/08/2020,05:51:00,133204,65,,Merci Barbara et la SunRiseRide !
01/08/2020,11:48:00,132707,234,,Youna pour Cl√©mence
31/07/2020,19:08:00,132176,951,,avant la critical mass
31/07/2020,11:38:00,131639,414,,Youna pour Cl√©mence
24/07/2020,19:24:00,124002,1079,,Youna pour Cl√©mence
03/08/2020,08:42:00,133993,176,,
03/08/2020,22:37:00,134877,1060,,
04/08/2020,07:18:00,134993,57,,"ok totem je t'aime. Ce matin, nous sommes deux √† t'avoir r√©veiller? Tu ne nous as pas compt√© lors de notre 1er passage. Moi non plus je suis pas du matin ou alors exceptionnellement ;)"
04/08/2020,18:02:00,135700,764,,Tim
04/08/2020,20:20:00,135941,1005,,Ide
05/08/2020,08:35:00,136293,170,,1187
06/08/2020,08:37:00,137446,136,,1187
07/08/2020,08:28:00,138607,170,,
07/08/2020,21:09:00,139510,1073,,
07/08/2020,22:17:00,139563,1126,,oktotem
07/08/2020,20:25:00,139461,1024,,
08/08/2020,16:25:00,140082,451,,Clem pour Marie (qui avait oubli√© son iPhone) 
09/08/2020,10:00:00,140614,163,,Ok totem C for M 
09/08/2020,05:42:00,140522,71,,
09/08/2020,12:29:00,140723,272,,
09/08/2020,21:33:00,141064,613,,"totem, si on partait en tandem?"
10/08/2020,08:32:00,141254,113,,
10/08/2020,14:30:00,141565,424,,ok totem big bisou
11/08/2020,08:51:00,142362,189,,
12/08/2020,08:35:00,143454,158,,
12/08/2020,14:03:00,143769,473,,DF pour R
13/08/2020,08:53:00,144619,178,,
13/08/2020,10:19:00,144703,262,,pat'patrouille consolidation en arrivant tard au boulot
12/08/2020,17:20:00,143973,677,,"plus de 1000 par jour au plus creux de l'√©t√©, not bad les p'tis poulets"
14/08/2020,08:23:00,145694,155,,
14/08/2020,19:17:00,146335,796,,"NewBike day et 2 chiffres bien visibles au couchant, que r√™ver de plus ? Parfois la perfection est juste l√† sous tes yeux et il te suffit de la cueillir comme la fra√Æche fleur du jour. Carpe diem, plus que jamais d'autant que nul ne sait de quoi l'avenir sera fait, m√™me si c'est nous qui le faisons en grande partie alors la question elle est vite r√©pondue."
15/08/2020,12:16:00,146807,251,,ok toto
16/08/2020,02:07:00,147401,61,,Team balade rentre de la plage.
17/08/2020,08:29:00,148117,118,,
17/08/2020,21:08:00,148999,1000,,df pour nlm
17/08/2020,22:33:00,149049,1050,,Youpi
17/08/2020,17:24:00,148657,658,,
18/08/2020,08:19:00,149190,104,,Thiours
18/08/2020,11:04:00,149417,331,,pour cl√©mence
18/08/2020,18:39:00,150000,914,,üëèüëè Charlotte 
19/08/2020,12:17:00,150791,426,,Tim
20/08/2020,07:06:00,151705,72,,
20/08/2020,08:00:00,151737,104,,
20/08/2020,17:20:00,152337,704,,df pour rachel
21/08/2020,01:01:00,152844,30,,
21/08/2020,23:54:00,154006,1192,,
22/08/2020,18:32:00,154494,486,,"Thanks a lot, dear Clemence"
23/08/2020,06:33:00,154821,64,,
23/08/2020,10:47:00,154916,159,,C for B
24/08/2020,22:18:00,156779,1292,,df pour bc
25/08/2020,08:50:00,157093,254,,Tim-
25/08/2020,09:48:00,157214,375,,Merci Barbara !
25/08/2020,11:20:00,157324,485,,Tim3
25/08/2020,18:14:00,157879,1031,,
25/08/2020,18:38:00,157939,1100,,"Totem, on a le droit de ne pas rouler masquer oh√© oh√© !
√áa fait tellement plaisir de taper un brin de causette avec toi en rentrant du boulot üòò"
25/08/2020,22:48:00,158269,1430,,"Bon faudrait vraiment arr√™ter avec ces commentaires lapidaires qui ne servent √† rien. Autant dire que tout de m√™me, on est bien peu de chose devant la grandeur de ces chiffres. Qu'un chiffre mal visible vaut mieux que deux tu l'auras, oui mais non. Non. Sans les deux chiffres bien visibles on ne peut rien ; on ne peut pas calculer ce que le totem affichait √† minuit et sans √ßa on ne peut ni calculer le total du jour pr√©c√©dent ni celui du jour √† venir. Un jour au d√©but de l'histoire de totem c'est arriv√©. Un samedi, personne ne partagea de photo avec les deux chiffres bien visibles. Le saviez-vous ? √Ä l'√©poque il n'y avait m√™me pas de formulaire... Mais alors comment les chiffres √©taient-ils collect√©s ? C'est une autre histoire..."
26/08/2020,13:30:00,158957,646,,salut √† toi √¥ totem
26/08/2020,17:21:00,159269,964,,
26/08/2020,18:14:00,159418,1107,,
27/08/2020,09:52:00,160199,364,,merci Barbara !
27/08/2020,10:20:00,160241,406,,tim
27/08/2020,19:13:00,161034,1199,,
27/08/2020,17:49:00,160826,991,,
27/08/2020,23:27:00,161307,1472,,Aurore correct - pardon!!! 
28/08/2020,09:38:00,161635,317,,
29/08/2020,15:20:00,162839,320,,"pas tim, c'√©tait moi."
30/08/2020,17:33:00,163892,534,,Mon cher totem. Je suis bien rentr√© de vacances et ai bien saisi les deux chiffres bien visible. J'esp√®re que tes vacances se sont bien pass√©es et que tu as compt√© plein de nouveaux 
31/08/2020,16:30:00,165171,949,,
31/08/2020,18:17:00,165463,1241,,"Un jour, le prez' saisira ses data... ;-)"
31/08/2020,20:13:00,165746,1524,,"go toty, go !!!"
31/08/2020,21:47:00,165837,1615,,de beaux chiffres bien visibles ; nous avons affaire √† une professionelle manifestement
01/09/2020,07:22:00,165986,66,,Bonne rentr√©e Toty!!!!
01/09/2020,07:30:00,165998,78,,
01/09/2020,09:03:00,166305,385,,
01/09/2020,12:43:00,166677,757,,merci Barbara !
01/09/2020,17:26:00,167214,1294,,
01/09/2020,17:41:00,167265,1345,,
01/09/2020,19:25:00,167626,1706,,
01/09/2020,19:16:00,167590,1670,,
01/09/2020,20:33:00,167755,1835,,"totem, tu es toujours aussi beau, je t'aime le lundi, le mardi, le mercredi, le jeudi, le vendredi, le samedi, et le dimanche aussi
https://www.youtube.com/watch?v=8qk5kj_jq48"
02/09/2020,02:44:00,167952,44,,"02h44, 44, j'en connais au moins un que √ßa va rendre dingo"
02/09/2020,09:27:00,168330,422,,
02/09/2020,15:11:00,168891,983,,valeur √† 50% des plus int√©ressantes !
02/09/2020,18:54:00,169482,1574,,je crois
02/09/2020,20:39:00,169723,1815,,
03/09/2020,07:15:00,169952,83,,Team aurore üí™
03/09/2020,07:45:00,170019,150,,30 min exacts
03/09/2020,09:27:00,170373,504,,Whaou
03/09/2020,18:55:00,171528,1659,,DF pour prez completement totem drogay
03/09/2020,20:55:00,171803,1934,,De la part d'un touriste lyonnais ;)
03/09/2020,23:15:00,171938,2069,,
03/09/2020,23:33:00,171954,2085,,belle journ√©e.
03/09/2020,22:00:00,171869,2000,,df pour prez
03/09/2020,22:00:00,171869,2000,,https://jesuisundesdeux.slack.com/archives/CV1V589C2/p1599169638072200
03/09/2020,21:33:00,171845,1976,,https://twitter.com/CyprienJolivet/status/1301606305896034307?s=20
04/09/2020,09:21:00,172491,514,,
04/09/2020,18:43:00,173555,1578,,
04/09/2020,19:00:00,173596,1619,,
04/09/2020,19:51:00,173700,1723,,
04/09/2020,22:11:00,173892,1915,,team tim
05/09/2020,13:38:00,174427,467,,ar
05/09/2020,10:31:00,174192,232,,ra
05/09/2020,19:30:00,174910,950,,Quelle semaine !
05/09/2020,21:13:00,175046,1086,,merci rachel ! Pr√©cision suisse.
06/09/2020,06:31:00,175255,89,,df merci barbara !
06/09/2020,08:38:00,175287,121,,df merci barbara
06/09/2020,11:44:00,175448,282,,df barbara gardienne de totaym
07/09/2020,08:31:00,176491,317,,vive le v√©lo
07/09/2020,09:27:00,176692,518,,donn√©es nico qui fait le d√©tour expr√®s aussi :-D
07/09/2020,20:42:00,178291,2117,,too much chiffres je vais pas √©crire un comm √† chaque fois ces enfum√©s de gens qui postent les photos et c''est toujours bibi qui saisit.
07/09/2020,19:38:00,178170,1996,,et voil√† encore un chiffre gna gna gna
07/09/2020,18:53:00,178037,1863,,"je saisis tu saisis (ah non) il saisit (ah, non plus)"
07/09/2020,18:14:00,177864,1690,,"c'est une bonne situation, √ßa, scribe de totem ? mmmm... non."
07/09/2020,18:02:00,177818,1644,,"Les paroles s'envolent, et les √©crits dans la cha√Æne TotemAlbert1ay aussi, sauf si quelqu'un saisit les chiffres dans le formulaire"
07/09/2020,21:39:00,178348,2174,,Youpiii
07/09/2020,20:30:00,178264,2090,,
07/09/2020,16:11:00,177387,1213,,source : mon carnet [edite - erreur de dizaine - corrig√© 1223 en 1213]
08/09/2020,13:27:00,179350,927,,Combien de velos hier : La question elle est r√©pondue üòÅ
08/09/2020,13:31:00,179355,932,,merci Aurore !
08/09/2020,09:46:00,178994,571,,supertim
08/09/2020,18:20:00,180120,1697,,scribe1
08/09/2020,18:46:00,180217,1794,,scrib2
08/09/2020,19:09:00,180321,1898,,scrib3
08/09/2020,19:42:00,180423,2000,,scrib4
08/09/2020,21:16:00,180604,2181,,scrib5
09/09/2020,10:36:00,181203,469,,Clem pour Denis 
09/09/2020,15:01:00,181576,842,,den retour
09/09/2020,09:19:00,181103,369,,deudeu
